{"cameraMode":{"drawMode":0,"name":"Shaded","section":"Shading Mode"},"sceneLighting":false,"audioPlay":false,"sceneViewState":{"m_AlwaysRefresh":false,"showFog":true,"showSkybox":true,"showFlares":true,"showImageEffects":true,"showParticleSystems":true,"showVisualEffectGraphs":true,"m_FxEnabled":true},"in2DMode":false,"pivot":{"x":0.17043666541576386,"y":0.0022423584014177324,"z":-0.19502952694892884},"rotation":{"x":-0.07410817593336106,"y":-0.7480125427246094,"z":0.08473917841911316,"w":-0.6541019082069397},"size":0.1429658979177475,"orthographic":false}