{"cameraMode":{"drawMode":0,"name":"Shaded","section":"Shading Mode"},"sceneLighting":true,"audioPlay":false,"sceneViewState":{"m_AlwaysRefresh":false,"showFog":true,"showSkybox":true,"showFlares":true,"showImageEffects":true,"showParticleSystems":true,"showVisualEffectGraphs":true,"m_FxEnabled":true},"in2DMode":false,"pivot":{"x":0.33081546425819399,"y":-0.6064683198928833,"z":-1.5746946334838868},"rotation":{"x":-0.0409729965031147,"y":-0.9589986205101013,"z":0.20621252059936524,"w":-0.19035741686820985},"size":0.8047340512275696,"orthographic":false}