{"cameraMode":{"drawMode":0,"name":"Shaded","section":"Shading Mode"},"sceneLighting":true,"audioPlay":false,"sceneViewState":{"m_AlwaysRefresh":false,"showFog":true,"showSkybox":true,"showFlares":true,"showImageEffects":true,"showParticleSystems":true,"showVisualEffectGraphs":true,"m_FxEnabled":true},"in2DMode":false,"pivot":{"x":-0.42416706681251528,"y":3.899055004119873,"z":0.4191116690635681},"rotation":{"x":0.008845936506986618,"y":0.9910551309585571,"z":-0.10175430029630661,"w":0.0864960178732872},"size":5.027463436126709,"orthographic":false}