{"cameraMode":{"drawMode":0,"name":"Shaded","section":"Shading Mode"},"sceneLighting":true,"audioPlay":false,"sceneViewState":{"m_AlwaysRefresh":false,"showFog":true,"showSkybox":true,"showFlares":true,"showImageEffects":true,"showParticleSystems":true,"showVisualEffectGraphs":true,"m_FxEnabled":false},"in2DMode":false,"pivot":{"x":-0.021200016140937806,"y":-0.09558486193418503,"z":-0.18125203251838685},"rotation":{"x":0.02294328436255455,"y":0.9544715285301209,"z":-0.28775158524513247,"w":0.07609176635742188},"size":0.20615006983280183,"orthographic":false}