{"cameraMode":{"drawMode":0,"name":"Shaded","section":"Shading Mode"},"sceneLighting":false,"audioPlay":false,"sceneViewState":{"m_AlwaysRefresh":false,"showFog":true,"showSkybox":true,"showFlares":true,"showImageEffects":true,"showParticleSystems":true,"showVisualEffectGraphs":true,"m_FxEnabled":true},"in2DMode":false,"pivot":{"x":0.36529576778411868,"y":-0.19089578092098237,"z":-0.11353287100791931},"rotation":{"x":-0.18684189021587373,"y":-0.7745206356048584,"z":0.26686322689056399,"w":-0.5422900319099426},"size":0.34989815950393679,"orthographic":false}