{"cameraMode":{"drawMode":0,"name":"Shaded","section":"Shading Mode"},"sceneLighting":false,"audioPlay":false,"sceneViewState":{"m_AlwaysRefresh":false,"showFog":true,"showSkybox":true,"showFlares":true,"showImageEffects":true,"showParticleSystems":true,"showVisualEffectGraphs":true,"m_FxEnabled":true},"in2DMode":false,"pivot":{"x":0.5978561639785767,"y":-0.23764175176620484,"z":-1.0142369270324708},"rotation":{"x":-0.007090197876095772,"y":-0.9837911128997803,"z":0.17476460337638856,"w":-0.03988654911518097},"size":1.4285473823547364,"orthographic":false}