{"cameraMode":{"drawMode":0,"name":"Shaded","section":"Shading Mode"},"sceneLighting":true,"audioPlay":false,"sceneViewState":{"m_AlwaysRefresh":false,"showFog":true,"showSkybox":true,"showFlares":true,"showImageEffects":true,"showParticleSystems":true,"showVisualEffectGraphs":true,"m_FxEnabled":false},"in2DMode":false,"pivot":{"x":-0.3348706364631653,"y":0.16732695698738099,"z":-0.3704514503479004},"rotation":{"x":-0.022150972858071328,"y":0.9779142737388611,"z":-0.14810900390148164,"w":-0.14624249935150147},"size":0.7391170263290405,"orthographic":false}