{"cameraMode":{"drawMode":0,"name":"Shaded","section":"Shading Mode"},"sceneLighting":false,"audioPlay":false,"sceneViewState":{"m_AlwaysRefresh":false,"showFog":true,"showSkybox":true,"showFlares":true,"showImageEffects":true,"showParticleSystems":true,"showVisualEffectGraphs":true,"m_FxEnabled":true},"in2DMode":false,"pivot":{"x":0.09625159204006195,"y":0.412112295627594,"z":-0.28744837641716006},"rotation":{"x":-0.010428684763610363,"y":-0.9837973713874817,"z":0.06088515743613243,"w":-0.16839128732681275},"size":1.2852575778961182,"orthographic":false}