{"cameraMode":{"drawMode":0,"name":"Shaded","section":"Shading Mode"},"sceneLighting":false,"audioPlay":false,"sceneViewState":{"m_AlwaysRefresh":false,"showFog":true,"showSkybox":true,"showFlares":true,"showImageEffects":true,"showParticleSystems":true,"showVisualEffectGraphs":true,"m_FxEnabled":true},"in2DMode":false,"pivot":{"x":0.16017945110797883,"y":-0.09603916108608246,"z":-0.23218458890914918},"rotation":{"x":-0.048954952508211139,"y":-0.9433068633079529,"z":0.28592541813850405,"w":-0.16145546734333039},"size":0.25897228717803957,"orthographic":false}