{"cameraMode":{"drawMode":0,"name":"Shaded","section":"Shading Mode"},"sceneLighting":false,"audioPlay":false,"sceneViewState":{"m_AlwaysRefresh":false,"showFog":true,"showSkybox":true,"showFlares":true,"showImageEffects":true,"showParticleSystems":true,"showVisualEffectGraphs":true,"m_FxEnabled":true},"in2DMode":false,"pivot":{"x":-0.23240503668785096,"y":0.002867046743631363,"z":-0.15995973348617555},"rotation":{"x":0.0062895906157791618,"y":-0.9929261207580566,"z":0.06145087629556656,"w":0.10161033272743225},"size":0.3110177516937256,"orthographic":false}