{"cameraMode":{"drawMode":0,"name":"Shaded","section":"Shading Mode"},"sceneLighting":true,"audioPlay":false,"sceneViewState":{"m_AlwaysRefresh":false,"showFog":true,"showSkybox":true,"showFlares":true,"showImageEffects":true,"showParticleSystems":true,"showVisualEffectGraphs":true,"m_FxEnabled":false},"in2DMode":false,"pivot":{"x":-0.5328822731971741,"y":0.3335896134376526,"z":0.3926091492176056},"rotation":{"x":0.010317512787878514,"y":0.9707608819007874,"z":-0.23633873462677003,"w":0.04230372607707977},"size":0.19308340549468995,"orthographic":false}