{"cameraMode":{"drawMode":0,"name":"Shaded","section":"Shading Mode"},"sceneLighting":true,"audioPlay":false,"sceneViewState":{"m_AlwaysRefresh":false,"showFog":true,"showSkybox":true,"showFlares":true,"showImageEffects":true,"showParticleSystems":true,"showVisualEffectGraphs":true,"m_FxEnabled":true},"in2DMode":false,"pivot":{"x":0.0021116361021995546,"y":-0.01993498206138611,"z":0.23183950781822205},"rotation":{"x":0.09694524854421616,"y":-0.8949820399284363,"z":0.2379055619239807,"w":0.3647310435771942},"size":0.11659221351146698,"orthographic":false}