{"cameraMode":{"drawMode":0,"name":"Shaded","section":"Shading Mode"},"sceneLighting":true,"audioPlay":false,"sceneViewState":{"m_AlwaysRefresh":false,"showFog":true,"showSkybox":true,"showFlares":true,"showImageEffects":true,"showParticleSystems":true,"showVisualEffectGraphs":true,"m_FxEnabled":false},"in2DMode":false,"pivot":{"x":2370.476806640625,"y":1460.9173583984375,"z":68.62010955810547},"rotation":{"x":-0.10037554055452347,"y":0.07254553586244583,"z":-0.007408422417938709,"w":-0.9923465251922607},"size":332.4008483886719,"orthographic":false}