{"cameraMode":{"drawMode":0,"name":"Shaded","section":"Shading Mode"},"sceneLighting":false,"audioPlay":false,"sceneViewState":{"m_AlwaysRefresh":false,"showFog":true,"showSkybox":true,"showFlares":true,"showImageEffects":true,"showParticleSystems":true,"showVisualEffectGraphs":true,"m_FxEnabled":true},"in2DMode":false,"pivot":{"x":-0.06234675645828247,"y":0.0611017644405365,"z":0.08545719087123871},"rotation":{"x":-0.24673418700695039,"y":0.3798830509185791,"z":-0.10587203502655029,"w":-0.8852672576904297},"size":0.2919110357761383,"orthographic":false}