{"cameraMode":{"drawMode":0,"name":"Shaded","section":"Shading Mode"},"sceneLighting":false,"audioPlay":false,"sceneViewState":{"m_AlwaysRefresh":false,"showFog":true,"showSkybox":true,"showFlares":true,"showImageEffects":true,"showParticleSystems":true,"showVisualEffectGraphs":true,"m_FxEnabled":true},"in2DMode":false,"pivot":{"x":-0.647545576095581,"y":0.6839260458946228,"z":-0.018246591091156007},"rotation":{"x":0.03379678726196289,"y":-0.9574683904647827,"z":0.25759145617485049,"w":0.1256432980298996},"size":1.0714807510375977,"orthographic":false}