{"cameraMode":{"drawMode":0,"name":"Shaded","section":"Shading Mode"},"sceneLighting":false,"audioPlay":false,"sceneViewState":{"m_AlwaysRefresh":false,"showFog":true,"showSkybox":true,"showFlares":true,"showImageEffects":true,"showParticleSystems":true,"showVisualEffectGraphs":true,"m_FxEnabled":true},"in2DMode":false,"pivot":{"x":-1.3054990768432618,"y":-0.15525464713573457,"z":0.16851010918617249},"rotation":{"x":0.07655465602874756,"y":-0.6586723327636719,"z":0.06761030852794647,"w":0.7455135583877564},"size":0.8461939096450806,"orthographic":false}