{"cameraMode":{"drawMode":0,"name":"Shaded","section":"Shading Mode"},"sceneLighting":false,"audioPlay":false,"sceneViewState":{"m_AlwaysRefresh":false,"showFog":true,"showSkybox":true,"showFlares":true,"showImageEffects":true,"showParticleSystems":true,"showVisualEffectGraphs":true,"m_FxEnabled":true},"in2DMode":false,"pivot":{"x":0.14284487068653108,"y":-0.0766947939991951,"z":-0.26420217752456667},"rotation":{"x":-0.07410817593336106,"y":-0.7480125427246094,"z":0.08473917841911316,"w":-0.6541019082069397},"size":0.13190767168998719,"orthographic":false}