{"cameraMode":{"drawMode":0,"name":"Shaded","section":"Shading Mode"},"sceneLighting":false,"audioPlay":false,"sceneViewState":{"m_AlwaysRefresh":false,"showFog":true,"showSkybox":true,"showFlares":true,"showImageEffects":true,"showParticleSystems":true,"showVisualEffectGraphs":true,"m_FxEnabled":true},"in2DMode":false,"pivot":{"x":0.1715320646762848,"y":-0.08302401751279831,"z":-0.24075569212436677},"rotation":{"x":-0.21131554245948792,"y":-0.5432553887367249,"z":0.1435471624135971,"w":-0.7998182773590088},"size":0.7335726022720337,"orthographic":false}