{"cameraMode":{"drawMode":0,"name":"Shaded","section":"Shading Mode"},"sceneLighting":true,"audioPlay":false,"sceneViewState":{"m_AlwaysRefresh":false,"showFog":true,"showSkybox":true,"showFlares":true,"showImageEffects":true,"showParticleSystems":true,"showVisualEffectGraphs":true,"m_FxEnabled":false},"in2DMode":false,"pivot":{"x":-0.04691559821367264,"y":-0.6042691469192505,"z":-1.7852792739868165},"rotation":{"x":0.0052721574902534489,"y":0.9875529408454895,"z":-0.15411525964736939,"w":0.03326738253235817},"size":1.183525562286377,"orthographic":false}