{"cameraMode":{"drawMode":0,"name":"Shaded","section":"Shading Mode"},"sceneLighting":false,"audioPlay":false,"sceneViewState":{"m_AlwaysRefresh":false,"showFog":true,"showSkybox":true,"showFlares":true,"showImageEffects":true,"showParticleSystems":true,"showVisualEffectGraphs":true,"m_FxEnabled":true},"in2DMode":false,"pivot":{"x":-0.007792172022163868,"y":-0.14377138018608094,"z":-0.17027556896209718},"rotation":{"x":-0.003306451253592968,"y":0.9612249732017517,"z":-0.275687575340271,"w":-0.011480838991701603},"size":0.24636051058769227,"orthographic":false}