{"cameraMode":{"drawMode":0,"name":"Shaded","section":"Shading Mode"},"sceneLighting":true,"audioPlay":false,"sceneViewState":{"m_AlwaysRefresh":false,"showFog":true,"showSkybox":true,"showFlares":true,"showImageEffects":true,"showParticleSystems":true,"showVisualEffectGraphs":true,"m_FxEnabled":false},"in2DMode":false,"pivot":{"x":-0.5253058671951294,"y":-0.5513958930969238,"z":-0.5709158778190613},"rotation":{"x":-0.025595953688025476,"y":0.9651159048080444,"z":-0.23957079648971559,"w":-0.10312286019325257},"size":0.8926444053649902,"orthographic":false}