{"cameraMode":{"drawMode":0,"name":"Shaded","section":"Shading Mode"},"sceneLighting":false,"audioPlay":false,"sceneViewState":{"m_AlwaysRefresh":false,"showFog":true,"showSkybox":true,"showFlares":true,"showImageEffects":true,"showParticleSystems":true,"showVisualEffectGraphs":true,"m_FxEnabled":true},"in2DMode":false,"pivot":{"x":0.13840365409851075,"y":0.14927703142166139,"z":-0.7951793074607849},"rotation":{"x":-0.014014148153364659,"y":-0.985991895198822,"z":0.11470015347003937,"w":-0.12041206657886505},"size":0.7416101098060608,"orthographic":false}