{"cameraMode":{"drawMode":0,"name":"Shaded","section":"Shading Mode"},"sceneLighting":true,"audioPlay":false,"sceneViewState":{"m_AlwaysRefresh":false,"showFog":true,"showSkybox":true,"showFlares":true,"showImageEffects":true,"showParticleSystems":true,"showVisualEffectGraphs":true,"m_FxEnabled":false},"in2DMode":false,"pivot":{"x":-0.5618501901626587,"y":0.17113840579986573,"z":0.3789135813713074},"rotation":{"x":0.015871906653046609,"y":0.9568832516670227,"z":-0.2853500247001648,"w":0.053212519735097888},"size":0.11057336628437042,"orthographic":false}