{"cameraMode":{"drawMode":0,"name":"Shaded","section":"Shading Mode"},"sceneLighting":false,"audioPlay":false,"sceneViewState":{"m_AlwaysRefresh":false,"showFog":true,"showSkybox":true,"showFlares":true,"showImageEffects":true,"showParticleSystems":true,"showVisualEffectGraphs":true,"m_FxEnabled":true},"in2DMode":false,"pivot":{"x":-0.22779031097888947,"y":-0.07721374183893204,"z":-0.10688459128141403},"rotation":{"x":-0.02476326748728752,"y":-0.9726454019546509,"z":0.19545423984527589,"w":-0.12322642654180527},"size":0.10317728668451309,"orthographic":false}