{"cameraMode":{"drawMode":0,"name":"Shaded","section":"Shading Mode"},"sceneLighting":true,"audioPlay":false,"sceneViewState":{"m_AlwaysRefresh":false,"showFog":true,"showSkybox":true,"showFlares":true,"showImageEffects":true,"showParticleSystems":true,"showVisualEffectGraphs":true,"m_FxEnabled":false},"in2DMode":false,"pivot":{"x":-0.20979130268096925,"y":-0.25258180499076846,"z":-1.9672703742980958},"rotation":{"x":0.0014544259756803513,"y":0.9971768856048584,"z":-0.07373572140932083,"w":0.018630128353834153},"size":1.3288739919662476,"orthographic":false}