{"cameraMode":{"drawMode":0,"name":"Shaded","section":"Shading Mode"},"sceneLighting":false,"audioPlay":false,"sceneViewState":{"m_AlwaysRefresh":false,"showFog":true,"showSkybox":true,"showFlares":true,"showImageEffects":true,"showParticleSystems":true,"showVisualEffectGraphs":true,"m_FxEnabled":true},"in2DMode":false,"pivot":{"x":0.0504545234143734,"y":0.1558188498020172,"z":-0.09894625842571259},"rotation":{"x":0.002043606247752905,"y":-0.9955597519874573,"z":0.09166013449430466,"w":0.022384677082300187},"size":0.2635255753993988,"orthographic":false}