{"cameraMode":{"drawMode":0,"name":"Shaded","section":"Shading Mode"},"sceneLighting":true,"audioPlay":false,"sceneViewState":{"m_AlwaysRefresh":false,"showFog":true,"showSkybox":true,"showFlares":true,"showImageEffects":true,"showParticleSystems":true,"showVisualEffectGraphs":true,"m_FxEnabled":false},"in2DMode":false,"pivot":{"x":0.021855510771274568,"y":-0.21942877769470216,"z":-0.7145577669143677},"rotation":{"x":0.02294328436255455,"y":0.9544715285301209,"z":-0.28775158524513247,"w":0.07609176635742188},"size":0.6795293688774109,"orthographic":false}