{"cameraMode":{"drawMode":0,"name":"Shaded","section":"Shading Mode"},"sceneLighting":true,"audioPlay":false,"sceneViewState":{"m_AlwaysRefresh":false,"showFog":true,"showSkybox":true,"showFlares":true,"showImageEffects":true,"showParticleSystems":true,"showVisualEffectGraphs":true,"m_FxEnabled":false},"in2DMode":false,"pivot":{"x":-0.25736531615257265,"y":-0.7748494148254395,"z":-1.5876730680465699},"rotation":{"x":0.000579245388507843,"y":0.9727444648742676,"z":-0.23219004273414613,"w":0.0021095830015838148},"size":1.3288739919662476,"orthographic":false}